id,source_uri,image_url
0,https://www.flickr.com/photos/79031948@N06/sets/72157642992734333/,https://farm9.staticflickr.com/8435/8008320577_031ea709c6_b.jpg
1,https://www.flickr.com/photos/79031948@N06/sets/72157642992734333/,https://farm9.staticflickr.com/8171/8005874477_4c6830bb1f_b.jpg
2,https://www.flickr.com/photos/79031948@N06/sets/72157642992734333/,https://farm9.staticflickr.com/8042/8005497013_96807bfbdc_b.jpg
3,https://www.flickr.com/photos/79031948@N06/sets/72157642992734333/,https://farm9.staticflickr.com/8175/8005481968_c6930dcd99_b.jpg
4,https://www.flickr.com/photos/79031948@N06/sets/72157642992734333/,https://farm8.staticflickr.com/7077/7241140900_6ba6977441_b.jpg
5,https://www.flickr.com/photos/79031948@N06/sets/72157642992734333/,https://farm8.staticflickr.com/7140/13442558795_e94d4ce49b_b.jpg
6,https://www.flickr.com/photos/79031948@N06/sets/72157642992734333/,https://farm3.staticflickr.com/2867/13445243464_c3dd76c535_b.jpg
7,https://www.flickr.com/photos/79031948@N06/sets/72157642992734333/,https://farm9.staticflickr.com/8173/8008321709_22d4cd7033_b.jpg
8,https://www.flickr.com/photos/79031948@N06/sets/72157642992734333/,https://farm9.staticflickr.com/8442/8005876362_5106c6a1db_b.jpg
9,https://www.flickr.com/photos/79031948@N06/sets/72157642992734333/,https://farm9.staticflickr.com/8451/8005497211_1282040c83_b.jpg
10,https://www.flickr.com/photos/79031948@N06/sets/72157642992734333/,https://farm9.staticflickr.com/8317/8005483405_5a4a5ba442_b.jpg
11,https://www.flickr.com/photos/79031948@N06/sets/72157642992734333/,https://farm8.staticflickr.com/7219/7241141982_933d551eb3_b.jpg
12,https://www.flickr.com/photos/79031948@N06/sets/72157642992734333/,https://farm8.staticflickr.com/7174/13442935694_59e4cc41ba_b.jpg
13,https://www.flickr.com/photos/79031948@N06/sets/72157642992734333/,https://farm4.staticflickr.com/3829/13445015073_75b764ea71_b.jpg
14,https://www.flickr.com/photos/79031948@N06/sets/72157642992734333/,https://farm3.staticflickr.com/2844/13445263284_c88866dd22_b.jpg
15,https://www.flickr.com/photos/79031948@N06/sets/72157642992734333/,https://farm3.staticflickr.com/2867/13445267684_9c70d9679a_b.jpg
16,https://www.flickr.com/photos/79031948@N06/sets/72157642992734333/,https://farm9.staticflickr.com/8458/8008320187_d868697c07_b.jpg
17,https://www.flickr.com/photos/79031948@N06/sets/72157642992734333/,https://farm9.staticflickr.com/8038/8005497793_b647c9f4e8_b.jpg
18,https://www.flickr.com/photos/79031948@N06/sets/72157642992734333/,https://farm9.staticflickr.com/8179/8005496755_c1e112d91d_b.jpg
19,https://www.flickr.com/photos/79031948@N06/sets/72157642992734333/,https://farm9.staticflickr.com/8315/8005481760_93bcf6f3cc_b.jpg
20,https://www.flickr.com/photos/79031948@N06/sets/72157642992734333/,https://farm9.staticflickr.com/8007/7241141482_6003497be9_b.jpg
21,https://www.flickr.com/photos/79031948@N06/sets/72157642992734333/,https://farm4.staticflickr.com/3679/13442937064_1cff59a9cc_b.jpg
22,https://www.flickr.com/photos/79031948@N06/sets/72157642992734333/,https://farm6.staticflickr.com/5179/13444876375_3a739e519c_b.jpg
23,https://www.flickr.com/photos/79031948@N06/sets/72157642992734333/,https://farm8.staticflickr.com/7390/13445001153_aa5d0a541f_b.jpg
24,https://www.flickr.com/photos/79031948@N06/sets/72157642992734333/,https://farm4.staticflickr.com/3780/13445005583_87ae2fd23a_b.jpg
25,https://www.flickr.com/photos/79031948@N06/sets/72157642992734333/,https://farm9.staticflickr.com/8441/8008319963_87dd8fae9f_b.jpg
26,https://www.flickr.com/photos/79031948@N06/sets/72157642992734333/,https://farm9.staticflickr.com/8303/8005497597_9501399b91_b.jpg
27,https://www.flickr.com/photos/79031948@N06/sets/72157642992734333/,https://farm9.staticflickr.com/8178/8005496535_3aa3f54137_b.jpg
28,https://www.flickr.com/photos/79031948@N06/sets/72157642992734333/,https://farm9.staticflickr.com/8449/8005479015_8abe1559d5_b.jpg
29,https://www.flickr.com/photos/79031948@N06/sets/72157642992734333/,https://farm8.staticflickr.com/7216/7241140474_f0e3f60a51_b.jpg
30,https://www.flickr.com/photos/79031948@N06/sets/72157642992734333/,https://farm8.staticflickr.com/7050/13442686473_a87c2ca4d4_b.jpg
31,https://www.flickr.com/photos/79031948@N06/sets/72157642992734333/,https://farm8.staticflickr.com/7392/13445015253_5e472fb08a_b.jpg
32,https://www.flickr.com/photos/79031948@N06/sets/72157642992734333/,https://farm8.staticflickr.com/7229/13445018283_2946d2ca3b_b.jpg
33,https://www.flickr.com/photos/79031948@N06/sets/72157642992734333/,https://farm8.staticflickr.com/7196/13445269564_52e6abd82e_b.jpg
34,https://www.flickr.com/photos/79031948@N06/sets/72157642992734333/,https://farm9.staticflickr.com/8438/8008326904_9f5211dd22_b.jpg
35,https://www.flickr.com/photos/79031948@N06/sets/72157642992734333/,https://farm9.staticflickr.com/8303/8008319821_621cb3eaba_b.jpg
36,https://www.flickr.com/photos/79031948@N06/sets/72157642992734333/,https://farm9.staticflickr.com/8301/8005497427_487cf98730_b.jpg
37,https://www.flickr.com/photos/79031948@N06/sets/72157642992734333/,https://farm9.staticflickr.com/8444/8005496317_8068c5417d_b.jpg
38,https://www.flickr.com/photos/79031948@N06/sets/72157642992734333/,https://farm8.staticflickr.com/7224/7241143006_320f838e27_b.jpg
39,https://www.flickr.com/photos/79031948@N06/sets/72157642992734333/,https://farm6.staticflickr.com/5118/13442684043_33a0548f0b_b.jpg
40,https://www.flickr.com/photos/79031948@N06/sets/72157642992734333/,https://farm3.staticflickr.com/2841/13445241894_484ee2301d_b.jpg
41,https://www.flickr.com/photos/79031948@N06/sets/72157642992734333/,https://farm8.staticflickr.com/7179/13444877915_0f1ff7d58a_b.jpg
42,https://www.flickr.com/photos/79031948@N06/sets/72157642992734333/,https://farm6.staticflickr.com/5302/13444879545_837ce3bbf1_b.jpg
43,https://www.flickr.com/photos/79031948@N06/sets/72157642992734333/,https://farm4.staticflickr.com/3780/13445252764_6a969b0e93_b.jpg
44,https://www.flickr.com/photos/79031948@N06/sets/72157642992734333/,https://farm3.staticflickr.com/2829/13445254194_759a2d0cd6_b.jpg
45,https://www.flickr.com/photos/79031948@N06/sets/72157642992734333/,https://farm4.staticflickr.com/3715/13445010003_92587e3a15_b.jpg
46,https://www.flickr.com/photos/79031948@N06/sets/72157642992734333/,https://farm8.staticflickr.com/7172/13444913425_75a2bbb8ab_b.jpg
47,https://www.flickr.com/photos/79031948@N06/sets/72157642992734333/,https://farm8.staticflickr.com/7106/13445290234_856ae5c011_b.jpg
48,https://www.flickr.com/photos/79031948@N06/sets/72157642992734333/,https://farm8.staticflickr.com/7025/13444932225_cf9759c738_b.jpg
49,https://www.flickr.com/photos/79031948@N06/sets/72157642992734333/,https://farm8.staticflickr.com/7003/13445352484_e39b5e7958_b.jpg
50,https://www.flickr.com/photos/79031948@N06/sets/72157642992734333/,https://farm4.staticflickr.com/3811/13444951135_0a74bb0c15_b.jpg
51,https://www.flickr.com/photos/79031948@N06/sets/72157642992734333/,https://farm9.staticflickr.com/8311/8008327330_863feff50e_b.jpg
52,https://www.flickr.com/photos/79031948@N06/sets/72157642992734333/,https://farm3.staticflickr.com/2842/13444961005_181f161c1a_b.jpg
53,https://www.flickr.com/photos/79031948@N06/sets/72157642992734333/,https://farm9.staticflickr.com/8307/8008320389_fb276a0959_b.jpg
54,https://www.flickr.com/photos/79031948@N06/sets/72157642992734333/,https://farm8.staticflickr.com/7038/13444975575_6551ece7d1_b.jpg
55,https://www.flickr.com/photos/79031948@N06/sets/72157642992734333/,https://farm9.staticflickr.com/8313/8008318931_c768f33f63_b.jpg
56,https://www.flickr.com/photos/79031948@N06/sets/72157642992734333/,https://farm4.staticflickr.com/3821/13445249524_76ec23b5a2_b.jpg
57,https://www.flickr.com/photos/79031948@N06/sets/72157642992734333/,https://farm6.staticflickr.com/5580/13444885475_18a5fdc11d_b.jpg
58,https://www.flickr.com/photos/79031948@N06/sets/72157642992734333/,https://farm3.staticflickr.com/2871/13445255364_e24491e568_b.jpg
59,https://www.flickr.com/photos/79031948@N06/sets/72157642992734333/,https://farm8.staticflickr.com/7422/13445031793_a1a2c41c44_b.jpg
60,https://www.flickr.com/photos/79031948@N06/sets/72157642992734333/,https://farm4.staticflickr.com/3680/13445288074_eb0c6c48c4_b.jpg
61,https://www.flickr.com/photos/79031948@N06/sets/72157642992734333/,https://farm4.staticflickr.com/3671/13444926065_8bb6d61a29_b.jpg
62,https://www.flickr.com/photos/79031948@N06/sets/72157642992734333/,https://farm4.staticflickr.com/3673/13445103153_99118121c0_b.jpg
63,https://www.flickr.com/photos/79031948@N06/sets/72157642992734333/,https://farm8.staticflickr.com/7404/13444947475_297455cdea_b.jpg
64,https://www.flickr.com/photos/79031948@N06/sets/72157642992734333/,https://farm9.staticflickr.com/8298/8008321597_14282aba94_b.jpg
65,https://www.flickr.com/photos/79031948@N06/sets/72157642992734333/,https://farm4.staticflickr.com/3731/13445077943_3b37c2cf97_b.jpg
66,https://www.flickr.com/photos/79031948@N06/sets/72157642992734333/,https://farm8.staticflickr.com/7425/13444965805_c84d1af45c_b.jpg
67,https://www.flickr.com/photos/79031948@N06/sets/72157642992734333/,https://farm3.staticflickr.com/2811/13444973265_9935167dd4_b.jpg
68,https://www.flickr.com/photos/79031948@N06/sets/72157642992734333/,https://farm9.staticflickr.com/8181/8008325184_ab7a42935a_b.jpg
69,https://www.flickr.com/photos/79031948@N06/sets/72157642992734333/,https://farm8.staticflickr.com/7005/13445349164_03529f552c_b.jpg
70,https://www.flickr.com/photos/79031948@N06/sets/72157642992734333/,https://farm8.staticflickr.com/7279/13444903175_1085aa9cc1_b.jpg
71,https://www.flickr.com/photos/79031948@N06/sets/72157642992734333/,https://farm6.staticflickr.com/5170/13445277344_ed16c550ef_b.jpg
72,https://www.flickr.com/photos/79031948@N06/sets/72157642992734333/,https://farm4.staticflickr.com/3706/13445013353_5d29c871c7_b.jpg
73,https://www.flickr.com/photos/79031948@N06/sets/72157642992734333/,https://farm4.staticflickr.com/3777/13445261694_64a4602008_b.jpg
74,https://www.flickr.com/photos/79031948@N06/sets/72157642992734333/,https://farm3.staticflickr.com/2853/13444929715_9ec94b9d7f_b.jpg
75,https://www.flickr.com/photos/79031948@N06/sets/72157642992734333/,https://farm4.staticflickr.com/3830/13445061033_a391130f21_b.jpg
76,https://www.flickr.com/photos/79031948@N06/sets/72157642992734333/,https://farm9.staticflickr.com/8302/8008321935_f1a06a688c_b.jpg
77,https://www.flickr.com/photos/79031948@N06/sets/72157642992734333/,https://farm4.staticflickr.com/3676/13445324794_fb08859073_b.jpg
78,https://www.flickr.com/photos/79031948@N06/sets/72157642992734333/,https://farm9.staticflickr.com/8457/8008321097_b300f30fbe_b.jpg
79,https://www.flickr.com/photos/79031948@N06/sets/72157642992734333/,https://farm3.staticflickr.com/2808/13445087883_af14713e40_b.jpg
80,https://www.flickr.com/photos/79031948@N06/sets/72157642992734333/,https://farm9.staticflickr.com/8440/8008325562_6a2538399a_b.jpg
81,https://www.flickr.com/photos/79031948@N06/sets/72157642992734333/,https://farm8.staticflickr.com/7165/13445344384_1f23197e4e_b.jpg
82,https://www.flickr.com/photos/79031948@N06/sets/72157642992734333/,https://farm8.staticflickr.com/7353/13445350564_4b194af37f_b.jpg
83,https://www.flickr.com/photos/79031948@N06/sets/72157642992734333/,https://farm3.staticflickr.com/2932/13445273694_ca79b16aa7_b.jpg
84,https://www.flickr.com/photos/79031948@N06/sets/72157642992734333/,https://farm8.staticflickr.com/7357/13445258574_028a15d28d_b.jpg
85,https://www.flickr.com/photos/79031948@N06/sets/72157642992734333/,https://farm8.staticflickr.com/7325/13445284314_4e19f5f342_b.jpg
86,https://www.flickr.com/photos/79031948@N06/sets/72157642992734333/,https://farm3.staticflickr.com/2826/13444893385_b55802645a_b.jpg
87,https://www.flickr.com/photos/79031948@N06/sets/72157642992734333/,https://farm8.staticflickr.com/7409/13444934795_9cee6d6780_b.jpg
88,https://www.flickr.com/photos/79031948@N06/sets/72157642992734333/,https://farm3.staticflickr.com/2908/13444986955_148b40dc42_b.jpg
89,https://www.flickr.com/photos/79031948@N06/sets/72157642992734333/,https://farm9.staticflickr.com/8459/8008327744_88a76e0ca7_b.jpg
90,https://www.flickr.com/photos/79031948@N06/sets/72157642992734333/,https://farm4.staticflickr.com/3792/13445076713_2be81160c8_b.jpg
91,https://www.flickr.com/photos/79031948@N06/sets/72157642992734333/,https://farm3.staticflickr.com/2829/13445331934_eca55ec964_b.jpg
92,https://www.flickr.com/photos/79031948@N06/sets/72157642992734333/,https://farm4.staticflickr.com/3780/13444971095_25ca50c0dd_b.jpg
93,https://www.flickr.com/photos/79031948@N06/sets/72157642992734333/,https://farm9.staticflickr.com/8307/8008325384_5ae8a81a75_b.jpg
94,https://www.flickr.com/photos/79031948@N06/sets/72157642992734333/,https://farm4.staticflickr.com/3727/13445098713_dc24737645_b.jpg
95,https://www.flickr.com/photos/79031948@N06/sets/72157642992734333/,https://farm8.staticflickr.com/7172/13444994963_66524c70d3_b.jpg
96,https://www.flickr.com/photos/79031948@N06/sets/72157642992734333/,https://farm3.staticflickr.com/2806/13444891245_c2ec3e10ff_b.jpg
97,https://www.flickr.com/photos/79031948@N06/sets/72157642992734333/,https://farm8.staticflickr.com/7316/13445013853_8270585670_b.jpg
98,https://www.flickr.com/photos/79031948@N06/sets/72157642992734333/,https://farm3.staticflickr.com/2889/13444923625_caccda2538_b.jpg
99,https://www.flickr.com/photos/79031948@N06/sets/72157642992734333/,https://farm3.staticflickr.com/2877/13445057403_105bbcd006_b.jpg
100,https://www.flickr.com/photos/79031948@N06/sets/72157642992734333/,https://farm4.staticflickr.com/3717/13445063843_2154005973_b.jpg
101,https://www.flickr.com/photos/79031948@N06/sets/72157642992734333/,https://farm8.staticflickr.com/7333/13445322044_bd1a9c46cb_b.jpg
102,https://www.flickr.com/photos/79031948@N06/sets/72157642992734333/,https://farm9.staticflickr.com/8311/8008321303_f756b02935_b.jpg
103,https://www.flickr.com/photos/79031948@N06/sets/72157642992734333/,https://farm9.staticflickr.com/8322/8008320767_7918702b30_b.jpg
104,https://www.flickr.com/photos/79031948@N06/sets/72157642992734333/,https://farm9.staticflickr.com/8462/8008325714_27498a55e8_b.jpg
105,https://www.flickr.com/photos/79031948@N06/sets/72157642992734333/,https://farm4.staticflickr.com/3785/13444874595_7f24a98303_b.jpg
106,https://www.flickr.com/photos/79031948@N06/sets/72157642992734333/,https://farm9.staticflickr.com/8030/8008318743_7ee92cfd41_b.jpg
